mysql> select * from asiakas;
+-----------+---------+----------+
| idasiakas | etunimi | sukunimi |
+-----------+---------+----------+
|         1 | Laina   | Intola   |
|         2 | Leino   | Ilmari   |
|         3 | Ensiö   | Kaarna   |
+-----------+---------+----------+
3 rows in set (0.00 sec)

mysql> select * from hylly;
+---------+----------+
| idhylly | nimi     |
+---------+----------+
|       1 | Suositut |
|       2 | Oppaat   |
+---------+----------+
2 rows in set (0.00 sec)

mysql> select * from kirja;
+---------+------+-------+--------+------------+----------+
| idkirja | teos | hylly | painos | hankittu   | lainassa |
+---------+------+-------+--------+------------+----------+
|       1 |    1 |     1 | 1      | 2020-09-12 |        0 |
|       2 |    1 |     1 | 1      | 2020-09-12 |        1 |
|       3 |    2 |     2 | 1      | 2015-12-11 |        1 |
+---------+------+-------+--------+------------+----------+
3 rows in set (0.00 sec)

mysql> select * from laina;
+---------+-------+----------+----------------+-------------+
| idlaina | kirja | lainaaja | lainauspäivä   | eräpäivä    |
+---------+-------+----------+----------------+-------------+
|       1 |     2 |        1 | 2024-01-03     | 2024-02-02  |
|       2 |     3 |        3 | 2024-01-29     | 2024-03-01  |
+---------+-------+----------+----------------+-------------+
2 rows in set (0.00 sec)

mysql> select * from tekijä;
+-----------+---------+------------+
| idtekijä  | etunimi | sukunimi   |
+-----------+---------+------------+
|         1 | Aino    | Kynälä     |
|         2 | Risto   | Mustenenä  |
|         3 | Kaisa   | Aho        |
+-----------+---------+------------+
3 rows in set (0.00 sec)

mysql> select * from teos;
+--------+----------------------------------+----------+----------+----------+-------------------------------------------------------------------+
| idteos | nimi                             | tekijä1  | tekijä2  | tekijä3  | kuvaus                                                            |
+--------+----------------------------------+----------+----------+----------+-------------------------------------------------------------------+
|      1 | Saaren salaisuus                 |        1 |     NULL |     NULL | Saarella sattuu ja tapahtuu kummallisia asioita.                  |
|      2 | Opi käyttämään nettiselainta     |        2 |        3 |     NULL | Opas niille, jotka eivät ehtineet teknologian kehityksen mukaan.  |
+--------+----------------------------------+----------+----------+----------+-------------------------------------------------------------------+
2 rows in set (0.00 sec)